sep=;
Version CSV|Tool SBFspot3.5.2 (Linux)|Linebreaks LF|Delimiter semicolon|Decimalpoint dot|Precision 3

;;;;Watt;Watt;Amp;Amp;Volt;Volt;Watt;Watt;Watt;Amp;Amp;Amp;Volt;Volt;Volt;Watt;Watt;%;kWh;kWh;Hz;Hours;Hours;%;Status;Status;degC
dd/MM/yyyy HH:mm:ss;DeviceName;DeviceType;Serial;Pdc1;Pdc2;Idc1;Idc2;Udc1;Udc2;Pac1;Pac2;Pac3;Iac1;Iac2;Iac3;Uac1;Uac2;Uac3;PdcTot;PacTot;Efficiency;EToday;ETotal;Frequency;OperatingTime;FeedInTime;BT_Signal;Condition;GridRelay;Temperature
20/05/2020 06:00:13;SN: 2100060901;SB 5000TL-20;2100060901;43.000;42.000;0.178;0.175;248.110;247.790;79.000;0.000;0.000;0.344;0.000;0.000;231.180;0.000;0.000;85.000;79.000;0.000;0.009;70628.786;50.000;45321.610;43828.603;67.843;Ok;Closed;31.680
20/05/2020 06:05:14;SN: 2100060901;SB 5000TL-20;2100060901;54.000;53.000;0.200;0.208;273.270;256.170;106.000;0.000;0.000;0.460;0.000;0.000;230.620;0.000;0.000;107.000;106.000;0.000;0.017;70628.794;50.010;45321.694;43828.686;68.627;Ok;Closed;32.210
20/05/2020 06:10:15;SN: 2100060901;SB 5000TL-20;2100060901;57.000;55.000;0.216;0.216;264.890;256.170;113.000;0.000;0.000;0.491;0.000;0.000;231.530;0.000;0.000;112.000;113.000;0.000;0.026;70628.803;49.980;45321.777;43828.770;67.843;Ok;Closed;32.630
20/05/2020 06:15:13;SN: 2100060901;SB 5000TL-20;2100060901;58.000;56.000;0.216;0.221;269.060;256.190;113.000;0.000;0.000;0.489;0.000;0.000;231.500;0.000;0.000;114.000;113.000;0.000;0.035;70628.812;49.980;45321.860;43828.853;68.627;Ok;Closed;32.730
20/05/2020 06:20:24;SN: 2100060901;SB 5000TL-20;2100060901;81.000;78.000;0.000;0.000;0.000;0.000;168.000;0.000;0.000;0.729;0.000;0.000;231.500;0.000;0.000;159.000;168.000;0.000;0.046;70628.823;49.980;45321.944;43828.936;68.235;Ok;Closed;32.940
20/05/2020 06:25:13;SN: 2100060901;SB 5000TL-20;2100060901;114.000;110.000;0.402;0.419;285.840;264.540;233.000;0.000;0.000;1.011;0.000;0.000;231.240;0.000;0.000;224.000;232.000;0.000;0.063;70628.840;49.980;45322.027;43829.019;68.235;Ok;Closed;33.150
20/05/2020 06:30:14;SN: 2100060901;SB 5000TL-20;2100060901;136.000;130.000;0.485;0.480;281.650;272.950;278.000;0.000;0.000;1.198;0.000;0.000;232.830;0.000;0.000;266.000;278.000;0.000;0.084;70628.861;49.990;45322.111;43829.103;67.843;Ok;Closed;33.260
20/05/2020 06:35:14;SN: 2100060901;SB 5000TL-20;2100060901;163.000;156.000;0.583;0.573;281.630;272.920;333.000;0.000;0.000;1.440;0.000;0.000;231.760;0.000;0.000;319.000;333.000;0.000;0.110;70628.887;49.990;45322.194;43829.186;67.843;Ok;Closed;33.470
20/05/2020 06:45:14;SN: 2100060901;SB 5000TL-20;2100060901;123.000;118.000;0.446;0.443;277.460;268.760;253.000;0.000;0.000;1.100;0.000;0.000;231.060;0.000;0.000;241.000;253.000;0.000;0.162;70628.939;49.980;45322.361;43829.353;67.843;Ok;Closed;33.780
20/05/2020 06:50:14;SN: 2100060901;SB 5000TL-20;2100060901;114.000;110.000;0.420;0.413;273.290;268.730;238.000;0.000;0.000;1.030;0.000;0.000;230.790;0.000;0.000;224.000;237.000;0.000;0.182;70628.959;49.970;45322.444;43829.436;68.627;Ok;Closed;34.000
20/05/2020 06:55:14;SN: 2100060901;SB 5000TL-20;2100060901;120.000;116.000;0.450;0.449;269.080;260.350;250.000;0.000;0.000;1.083;0.000;0.000;231.350;0.000;0.000;236.000;250.000;0.000;0.202;70628.979;49.970;45322.527;43829.519;67.843;Ok;Closed;34.100
20/05/2020 07:00:15;SN: 2100060901;SB 5000TL-20;2100060901;116.000;112.000;0.428;0.427;273.270;264.570;242.000;0.000;0.000;1.051;0.000;0.000;230.700;0.000;0.000;228.000;242.000;0.000;0.223;70629.000;50.020;45322.611;43829.603;67.843;Ok;Closed;34.210
20/05/2020 07:05:13;SN: 2100060901;SB 5000TL-20;2100060901;126.000;122.000;0.457;0.456;277.460;268.730;262.000;0.000;0.000;1.149;0.000;0.000;228.800;0.000;0.000;248.000;262.000;0.000;0.244;70629.021;50.010;45322.694;43829.686;67.843;Ok;Closed;34.310
20/05/2020 07:10:24;SN: 2100060901;SB 5000TL-20;2100060901;116.000;112.000;0.426;0.420;273.270;268.760;242.000;0.000;0.000;1.058;0.000;0.000;229.270;0.000;0.000;228.000;0.000;0.000;0.265;70629.042;49.980;45322.777;43829.769;67.843;Ok;Closed;34.420
20/05/2020 07:15:36;SN: 2100060901;SB 5000TL-20;2100060901;116.000;112.000;0.000;0.000;0.000;0.000;0.000;0.000;0.000;1.045;0.000;0.000;228.830;0.000;0.000;228.000;239.000;0.000;0.285;70629.062;49.980;45322.861;43829.853;67.843;Ok;Closed;34.520
20/05/2020 07:20:13;SN: 2100060901;SB 5000TL-20;2100060901;116.000;112.000;0.426;0.425;273.270;264.570;244.000;0.000;0.000;1.062;0.000;0.000;230.200;0.000;0.000;228.000;244.000;0.000;0.304;70629.082;49.970;45322.944;43829.936;67.843;Ok;Closed;34.520
20/05/2020 07:25:14;SN: 2100060901;SB 5000TL-20;2100060901;131.000;127.000;0.464;0.463;285.120;276.420;276.000;0.000;0.000;1.198;0.000;0.000;230.410;0.000;0.000;258.000;276.000;0.000;0.326;70629.103;49.990;45323.027;43830.019;66.667;Ok;Closed;34.630
20/05/2020 07:30:16;SN: 2100060901;SB 5000TL-20;2100060901;150.000;145.000;0.535;0.533;281.650;272.950;310.000;0.000;0.000;1.348;0.000;0.000;230.330;0.000;0.000;295.000;310.000;0.000;0.351;70629.128;49.980;45323.111;43830.103;67.059;Ok;Closed;34.630
20/05/2020 07:35:13;SN: 2100060901;SB 5000TL-20;2100060901;158.000;152.000;0.564;0.561;281.650;272.950;327.000;0.000;0.000;1.421;0.000;0.000;230.700;0.000;0.000;310.000;327.000;0.000;0.377;70629.155;50.000;45323.194;43830.186;66.667;Ok;Closed;34.840
20/05/2020 07:40:14;SN: 2100060901;SB 5000TL-20;2100060901;149.000;144.000;0.541;0.547;277.440;264.570;312.000;0.000;0.000;1.356;0.000;0.000;230.850;0.000;0.000;293.000;312.000;0.000;0.404;70629.181;50.000;45323.277;43830.269;67.451;Ok;Closed;34.840
20/05/2020 07:45:16;SN: 2100060901;SB 5000TL-20;2100060901;137.000;132.000;0.495;0.493;278.330;269.620;286.000;0.000;0.000;1.241;0.000;0.000;230.720;0.000;0.000;269.000;286.000;0.000;0.429;70629.206;49.970;45323.361;43830.353;68.627;Ok;Closed;34.940
20/05/2020 07:50:13;SN: 2100060901;SB 5000TL-20;2100060901;150.000;145.000;0.553;0.551;273.290;264.590;314.000;0.000;0.000;1.368;0.000;0.000;230.490;0.000;0.000;295.000;314.000;0.000;0.453;70629.231;49.990;45323.444;43830.436;68.235;Ok;Closed;34.940
20/05/2020 07:55:24;SN: 2100060901;SB 5000TL-20;2100060901;189.000;182.000;0.681;0.678;278.330;269.620;393.000;0.000;0.000;1.703;0.000;0.000;230.780;0.000;0.000;371.000;393.000;0.000;0.483;70629.261;49.990;45323.530;43830.522;67.843;Ok;?;35.050
20/05/2020 08:00:16;SN: 2100060901;SB 5000TL-20;2100060901;232.000;223.000;0.815;0.808;285.840;277.130;475.000;0.000;0.000;2.067;0.000;0.000;229.850;0.000;0.000;455.000;475.000;0.000;0.518;70629.296;50.000;45323.611;43830.603;69.020;Ok;Closed;35.050
20/05/2020 08:05:13;SN: 2100060901;SB 5000TL-20;2100060901;283.000;271.000;0.993;0.982;285.840;277.110;572.000;0.000;0.000;2.486;0.000;0.000;230.250;0.000;0.000;554.000;572.000;0.000;0.561;70629.339;50.000;45323.693;43830.686;67.843;Ok;Closed;35.150
20/05/2020 08:10:14;SN: 2100060901;SB 5000TL-20;2100060901;318.000;305.000;1.114;1.105;285.840;277.130;638.000;0.000;0.000;2.769;0.000;0.000;230.410;0.000;0.000;623.000;638.000;0.000;0.612;70629.390;49.980;45323.777;43830.769;67.843;Ok;Closed;35.260
20/05/2020 08:15:14;SN: 2100060901;SB 5000TL-20;2100060901;334.000;321.000;1.187;1.179;281.580;272.880;668.000;0.000;0.000;2.898;0.000;0.000;230.460;0.000;0.000;655.000;668.000;0.000;0.667;70629.444;49.980;45323.861;43830.853;67.843;Ok;Closed;35.360
20/05/2020 08:20:24;SN: 2100060901;SB 5000TL-20;2100060901;340.000;328.000;1.176;1.168;290.050;281.350;680.000;0.000;0.000;0.000;0.000;0.000;0.000;0.000;0.000;668.000;683.000;0.000;0.723;70629.501;49.970;45323.944;43830.936;68.235;Ok;Closed;35.570
20/05/2020 08:25:13;SN: 2100060901;SB 5000TL-20;2100060901;320.000;307.000;1.135;1.126;282.280;273.620;643.000;0.000;0.000;2.767;0.000;0.000;232.280;0.000;0.000;627.000;643.000;0.000;0.778;70629.556;49.980;45324.027;43831.019;68.627;Ok;Closed;35.780
20/05/2020 08:30:15;SN: 2100060901;SB 5000TL-20;2100060901;315.000;303.000;1.103;1.095;285.840;277.110;632.000;0.000;0.000;2.731;0.000;0.000;231.640;0.000;0.000;618.000;632.000;0.000;0.831;70629.609;49.990;45324.111;43831.103;67.451;Ok;Closed;36.000
20/05/2020 08:35:14;SN: 2100060901;SB 5000TL-20;2100060901;341.000;328.000;1.202;1.194;284.060;275.350;681.000;0.000;0.000;2.937;0.000;0.000;232.060;0.000;0.000;669.000;681.000;0.000;0.885;70629.663;49.990;45324.194;43831.186;68.627;Ok;Closed;36.100
20/05/2020 08:40:15;SN: 2100060901;SB 5000TL-20;2100060901;358.000;345.000;1.262;1.258;284.040;274.730;716.000;0.000;0.000;3.086;0.000;0.000;232.180;0.000;0.000;703.000;716.000;0.000;0.944;70629.721;49.990;45324.277;43831.269;68.235;Ok;Closed;36.210
20/05/2020 08:45:15;SN: 2100060901;SB 5000TL-20;2100060901;387.000;373.000;1.351;1.344;286.750;278.050;769.000;0.000;0.000;3.318;0.000;0.000;232.470;0.000;0.000;760.000;771.000;0.000;1.006;70629.783;49.980;45324.361;43831.353;67.843;Ok;Closed;36.210
20/05/2020 08:50:13;SN: 2100060901;SB 5000TL-20;2100060901;415.000;400.000;1.477;1.469;281.650;272.950;824.000;0.000;0.000;3.564;0.000;0.000;231.500;0.000;0.000;815.000;824.000;0.000;1.071;70629.849;50.000;45324.444;43831.436;68.235;Ok;Closed;36.310
20/05/2020 08:55:14;SN: 2100060901;SB 5000TL-20;2100060901;441.000;426.000;1.546;1.540;285.840;277.130;873.000;0.000;0.000;3.768;0.000;0.000;231.720;0.000;0.000;867.000;873.000;0.000;1.143;70629.920;49.990;45324.527;43831.519;67.059;Ok;Closed;36.310
20/05/2020 09:00:16;SN: 2100060901;SB 5000TL-20;2100060901;461.000;445.000;1.589;1.583;290.200;281.500;912.000;0.000;0.000;3.929;0.000;0.000;232.040;0.000;0.000;906.000;911.000;0.000;1.218;70629.996;49.960;45324.611;43831.603;68.235;Ok;Closed;36.420
20/05/2020 09:05:13;SN: 2100060901;SB 5000TL-20;2100060901;478.000;462.000;1.674;1.668;285.840;277.130;945.000;0.000;0.000;4.044;0.000;0.000;233.630;0.000;0.000;940.000;945.000;0.000;1.294;70630.072;49.980;45324.694;43831.686;68.235;Ok;Closed;36.520
20/05/2020 09:10:14;SN: 2100060901;SB 5000TL-20;2100060901;528.000;511.000;1.823;1.818;290.120;281.410;1039.000;0.000;0.000;4.453;0.000;0.000;233.500;0.000;0.000;1039.000;1039.000;0.000;1.377;70630.154;50.010;45324.777;43831.769;67.451;Ok;Closed;36.630
20/05/2020 09:15:16;SN: 2100060901;SB 5000TL-20;2100060901;571.000;552.000;1.999;1.995;285.840;277.110;1122.000;0.000;0.000;4.806;0.000;0.000;233.540;0.000;0.000;1123.000;1122.000;0.000;1.468;70630.246;49.970;45324.861;43831.853;67.843;Ok;Closed;36.730
20/05/2020 09:20:13;SN: 2100060901;SB 5000TL-20;2100060901;582.000;563.000;2.009;2.006;290.030;281.320;1143.000;0.000;0.000;4.899;0.000;0.000;233.460;0.000;0.000;1145.000;1143.000;0.000;1.561;70630.339;49.980;45324.943;43831.936;68.235;Ok;Closed;36.840
20/05/2020 09:25:14;SN: 2100060901;SB 5000TL-20;2100060901;620.000;600.000;2.171;2.167;285.860;277.160;1218.000;0.000;0.000;5.217;0.000;0.000;233.510;0.000;0.000;1220.000;1218.000;0.000;1.660;70630.438;50.000;45325.027;43832.019;69.020;Ok;Closed;37.050
20/05/2020 09:30:16;SN: 2100060901;SB 5000TL-20;2100060901;647.000;626.000;2.266;2.298;285.860;272.920;1268.000;0.000;0.000;5.423;0.000;0.000;233.900;0.000;0.000;1273.000;1268.000;0.000;1.765;70630.542;49.980;45325.111;43832.103;68.627;Ok;Closed;37.260
20/05/2020 09:35:13;SN: 2100060901;SB 5000TL-20;2100060901;641.000;621.000;2.277;2.276;281.650;272.950;1259.000;0.000;0.000;5.407;0.000;0.000;232.920;0.000;0.000;1262.000;1259.000;0.000;1.868;70630.646;49.970;45325.193;43832.186;68.235;Ok;Closed;37.260
20/05/2020 09:40:13;SN: 2100060901;SB 5000TL-20;2100060901;652.000;632.000;2.319;2.319;281.690;272.970;1285.000;0.000;0.000;5.512;0.000;0.000;232.820;0.000;0.000;1284.000;1283.000;0.000;1.974;70630.753;49.990;45325.277;43832.269;67.843;Ok;Closed;37.470
20/05/2020 09:45:13;SN: 2100060901;SB 5000TL-20;2100060901;649.000;629.000;2.342;2.341;277.460;268.730;1276.000;0.000;0.000;5.484;0.000;0.000;232.750;0.000;0.000;1278.000;1276.000;0.000;2.081;70630.859;49.980;45325.360;43832.352;67.843;Ok;Closed;37.680
20/05/2020 09:50:17;SN: 2100060901;SB 5000TL-20;2100060901;651.000;631.000;2.312;2.312;281.630;272.950;1277.000;0.000;0.000;5.483;0.000;0.000;233.060;0.000;0.000;1282.000;1277.000;0.000;2.189;70630.967;50.000;45325.444;43832.437;67.843;Ok;Closed;37.780
20/05/2020 09:55:22;SN: 2100060901;SB 5000TL-20;2100060901;631.000;611.000;2.271;2.271;278.370;269.670;1243.000;0.000;0.000;5.345;0.000;0.000;232.500;0.000;0.000;1242.000;1243.000;0.000;2.296;70631.073;50.000;45325.529;43832.521;67.843;Ok;Closed;38.000
20/05/2020 10:00:13;SN: 2100060901;SB 5000TL-20;2100060901;640.000;620.000;2.272;2.273;281.630;272.920;1258.000;0.000;0.000;5.383;0.000;0.000;233.830;0.000;0.000;1260.000;1258.000;0.000;2.395;70631.173;49.970;45325.610;43832.602;68.235;Ok;Closed;38.100
20/05/2020 10:05:15;SN: 2100060901;SB 5000TL-20;2100060901;660.000;641.000;2.310;2.312;285.970;277.270;1297.000;0.000;0.000;5.544;0.000;0.000;234.020;0.000;0.000;1301.000;1297.000;0.000;2.504;70631.281;49.960;45325.694;43832.686;67.059;Ok;Closed;38.210
20/05/2020 10:10:13;SN: 2100060901;SB 5000TL-20;2100060901;714.000;693.000;2.571;2.572;277.370;268.670;1398.000;0.000;0.000;5.969;0.000;0.000;234.340;0.000;0.000;1407.000;1398.000;0.000;2.614;70631.392;50.000;45325.777;43832.769;67.451;Ok;Closed;38.420
20/05/2020 10:15:16;SN: 2100060901;SB 5000TL-20;2100060901;749.000;726.000;2.662;2.622;281.650;277.130;1470.000;0.000;0.000;6.274;0.000;0.000;234.430;0.000;0.000;1475.000;1471.000;0.000;2.736;70631.514;49.990;45325.861;43832.853;67.059;Ok;Closed;38.520
20/05/2020 10:20:15;SN: 2100060901;SB 5000TL-20;2100060901;770.000;748.000;2.737;2.743;281.630;272.920;1507.000;0.000;0.000;6.427;0.000;0.000;234.570;0.000;0.000;1518.000;1507.000;0.000;2.860;70631.637;49.990;45325.944;43832.936;67.451;Ok;Closed;38.730
20/05/2020 10:25:15;SN: 2100060901;SB 5000TL-20;2100060901;870.000;844.000;3.091;3.095;281.650;272.920;1700.000;0.000;0.000;7.234;0.000;0.000;235.030;0.000;0.000;1714.000;1700.000;0.000;2.989;70631.768;50.000;45326.027;43833.019;66.275;Ok;Closed;38.840
20/05/2020 10:30:14;SN: 2100060901;SB 5000TL-20;2100060901;1145.000;1109.000;4.067;4.067;281.650;272.950;2230.000;0.000;0.000;9.489;0.000;0.000;235.030;0.000;0.000;2254.000;2230.000;0.000;3.148;70631.928;49.990;45326.110;43833.103;66.667;Ok;Closed;39.260
20/05/2020 10:35:14;SN: 2100060901;SB 5000TL-20;2100060901;1501.000;1482.000;5.728;5.487;262.180;270.210;2932.000;0.000;0.000;12.354;0.000;0.000;237.370;0.000;0.000;2983.000;2927.000;0.000;3.382;70632.162;50.000;45326.194;43833.186;66.667;Ok;Closed;39.360
20/05/2020 10:40:16;SN: 2100060901;SB 5000TL-20;2100060901;1431.000;1385.000;5.242;5.157;273.250;268.760;2766.000;0.000;0.000;11.610;0.000;0.000;236.870;0.000;0.000;2816.000;2750.000;0.000;3.621;70632.398;50.010;45326.277;43833.270;67.843;Ok;Closed;40.310
20/05/2020 10:45:13;SN: 2100060901;SB 5000TL-20;2100060901;1372.000;1328.000;5.100;5.104;269.080;260.380;2663.000;0.000;0.000;11.258;0.000;0.000;236.540;0.000;0.000;2700.000;2663.000;0.000;3.835;70632.615;49.990;45326.360;43833.352;67.843;Ok;Closed;46.000
20/05/2020 10:50:16;SN: 2100060901;SB 5000TL-20;2100060901;1411.000;1369.000;5.244;5.178;269.080;264.570;2735.000;0.000;0.000;11.541;0.000;0.000;237.000;0.000;0.000;2780.000;2735.000;0.000;4.067;70632.845;49.980;45326.444;43833.436;66.667;Ok;Closed;47.260
20/05/2020 10:55:22;SN: 2100060901;SB 5000TL-20;2100060901;1547.000;1501.000;5.682;5.747;272.340;261.330;3000.000;0.000;0.000;12.617;0.000;0.000;237.820;0.000;0.000;3048.000;3000.000;0.000;4.303;70633.082;50.000;45326.529;43833.521;67.451;Ok;Closed;48.000
20/05/2020 11:00:14;SN: 2100060901;SB 5000TL-20;2100060901;1523.000;1488.000;5.662;5.718;269.080;260.380;2989.000;0.000;0.000;12.567;0.000;0.000;237.820;0.000;0.000;3011.000;2989.000;0.000;4.547;70633.327;49.960;45326.610;43833.603;67.843;Ok;Closed;49.360
20/05/2020 11:05:13;SN: 2100060901;SB 5000TL-20;2100060901;1548.000;1502.000;5.755;5.772;269.080;260.380;2991.000;0.000;0.000;12.601;0.000;0.000;237.420;0.000;0.000;3050.000;2991.000;0.000;4.792;70633.571;49.960;45326.693;43833.686;66.667;Ok;Closed;51.570
20/05/2020 11:10:26;SN: 2100060901;SB 5000TL-20;2100060901;1593.000;1548.000;6.017;5.852;264.890;264.570;3083.000;0.000;0.000;12.991;0.000;0.000;237.370;0.000;0.000;3141.000;3083.000;0.000;5.049;70633.826;49.980;45326.780;43833.772;67.451;Ok;Closed;53.150
20/05/2020 11:15:12;SN: 2100060901;SB 5000TL-20;2100060901;1907.000;1866.000;7.204;7.288;264.850;256.140;3702.000;0.000;0.000;15.523;0.000;0.000;238.500;0.000;0.000;3773.000;3702.000;0.000;5.329;70634.108;49.990;45326.860;43833.852;67.843;Ok;Closed;54.000
20/05/2020 11:20:13;SN: 2100060901;SB 5000TL-20;2100060901;1561.000;1519.000;5.894;5.837;264.940;260.350;3025.000;0.000;0.000;12.737;0.000;0.000;237.480;0.000;0.000;3080.000;3025.000;0.000;5.618;70634.398;49.980;45326.943;43833.936;67.059;Ok;Closed;55.570
20/05/2020 11:25:17;SN: 2100060901;SB 5000TL-20;2100060901;1757.000;1697.000;6.744;6.418;260.660;264.590;3394.000;0.000;0.000;14.248;0.000;0.000;238.260;0.000;0.000;3454.000;3394.000;0.000;5.886;70634.664;49.990;45327.027;43834.020;67.451;Ok;Closed;57.260
20/05/2020 11:30:14;SN: 2100060901;SB 5000TL-20;2100060901;2043.000;1950.000;7.842;7.740;260.660;251.950;3817.000;0.000;0.000;15.977;0.000;0.000;238.900;0.000;0.000;3993.000;3817.000;0.000;6.220;70635.001;49.970;45327.110;43834.102;67.843;Ok;Closed;56.840
20/05/2020 11:35:32;SN: 2100060901;SB 5000TL-20;2100060901;1655.000;1618.000;6.455;6.426;256.530;251.980;3208.000;0.000;0.000;0.000;0.000;0.000;0.000;0.000;0.000;3273.000;3623.000;0.000;6.569;70635.347;50.000;45327.196;43834.188;67.843;Ok;Closed;57.780
20/05/2020 11:40:16;SN: 2100060901;SB 5000TL-20;2100060901;1431.000;1397.000;5.494;5.456;260.700;256.190;2784.000;0.000;0.000;11.787;0.000;0.000;236.250;0.000;0.000;2828.000;2784.000;0.000;6.825;70635.602;49.990;45327.277;43834.270;67.059;Ok;Closed;61.050
20/05/2020 11:45:15;SN: 2100060901;SB 5000TL-20;2100060901;1577.000;1539.000;5.955;6.011;264.890;256.190;3082.000;0.000;0.000;13.038;0.000;0.000;236.400;0.000;0.000;3116.000;3082.000;0.000;7.055;70635.836;49.980;45327.360;43834.353;67.059;Ok;Closed;58.630
20/05/2020 11:50:17;SN: 2100060901;SB 5000TL-20;2100060901;1958.000;1914.000;7.541;7.627;259.770;251.060;3838.000;0.000;0.000;16.096;0.000;0.000;238.440;0.000;0.000;3872.000;3838.000;0.000;7.397;70636.175;49.980;45327.444;43834.436;67.843;Ok;Closed;58.000
20/05/2020 11:55:15;SN: 2100060901;SB 5000TL-20;2100060901;2453.000;2353.000;9.412;9.665;260.660;243.550;4568.000;0.000;0.000;19.091;0.000;0.000;239.250;0.000;0.000;4806.000;4568.000;0.000;7.771;70636.553;50.000;45327.527;43834.519;67.843;Ok;Closed;59.360
20/05/2020 12:00:13;SN: 2100060901;SB 5000TL-20;2100060901;1773.000;1711.000;7.148;7.150;248.110;239.410;3411.000;0.000;0.000;14.347;0.000;0.000;237.730;0.000;0.000;3484.000;3411.000;0.000;8.101;70636.880;50.000;45327.610;43834.602;67.451;Ok;Closed;62.520
20/05/2020 12:05:18;SN: 2100060901;SB 5000TL-20;2100060901;1539.000;1502.000;6.001;5.963;256.510;252.000;2989.000;0.000;0.000;12.644;0.000;0.000;236.410;0.000;0.000;3041.000;2989.000;0.000;8.364;70637.143;49.980;45327.694;43834.687;66.667;Ok;Closed;63.570
20/05/2020 12:10:17;SN: 2100060901;SB 5000TL-20;2100060901;1150.000;1124.000;4.412;4.389;260.700;256.170;2250.000;0.000;0.000;9.536;0.000;0.000;235.960;0.000;0.000;2274.000;2250.000;0.000;8.604;70637.381;49.980;45327.778;43834.770;67.059;Ok;Closed;61.890
20/05/2020 12:15:14;SN: 2100060901;SB 5000TL-20;2100060901;828.000;810.000;3.129;3.113;264.890;260.380;1634.000;0.000;0.000;6.966;0.000;0.000;234.660;0.000;0.000;1638.000;1634.000;0.000;8.760;70637.539;50.000;45327.860;43834.852;67.451;Ok;Closed;59.360
20/05/2020 12:20:14;SN: 2100060901;SB 5000TL-20;2100060901;733.000;716.000;2.727;2.751;269.080;260.380;1452.000;0.000;0.000;6.197;0.000;0.000;234.370;0.000;0.000;1449.000;1452.000;0.000;8.885;70637.664;49.990;45327.943;43834.936;67.059;Ok;Closed;56.420
20/05/2020 12:25:13;SN: 2100060901;SB 5000TL-20;2100060901;875.000;853.000;3.202;3.176;273.270;268.760;1721.000;0.000;0.000;7.332;0.000;0.000;234.720;0.000;0.000;1728.000;1721.000;0.000;9.017;70637.795;50.000;45328.026;43835.019;67.451;Ok;Closed;54.420
20/05/2020 12:30:15;SN: 2100060901;SB 5000TL-20;2100060901;962.000;936.000;3.570;3.589;269.670;260.980;1888.000;0.000;0.000;8.039;0.000;0.000;234.890;0.000;0.000;1898.000;1891.000;0.000;9.171;70637.951;49.990;45328.111;43835.103;66.667;Ok;Closed;53.890
20/05/2020 12:35:14;SN: 2100060901;SB 5000TL-20;2100060901;989.000;965.000;3.566;3.649;277.460;264.540;1939.000;0.000;0.000;8.262;0.000;0.000;234.700;0.000;0.000;1954.000;1939.000;0.000;9.329;70638.107;49.980;45328.193;43835.186;67.843;Ok;Closed;53.890
20/05/2020 12:40:14;SN: 2100060901;SB 5000TL-20;2100060901;1134.000;1105.000;4.151;4.114;273.270;268.730;2215.000;0.000;0.000;9.398;0.000;0.000;235.700;0.000;0.000;2239.000;2216.000;0.000;9.495;70638.274;50.000;45328.277;43835.269;67.451;Ok;Closed;54.210
20/05/2020 12:45:15;SN: 2100060901;SB 5000TL-20;2100060901;1141.000;1112.000;4.178;4.140;273.270;268.760;2227.000;0.000;0.000;9.405;0.000;0.000;236.770;0.000;0.000;2253.000;2223.000;0.000;9.683;70638.462;50.000;45328.361;43835.353;68.235;Ok;Closed;54.210
20/05/2020 12:50:14;SN: 2100060901;SB 5000TL-20;2100060901;1093.000;1063.000;4.002;3.957;273.270;268.760;2136.000;0.000;0.000;9.058;0.000;0.000;235.870;0.000;0.000;2156.000;2136.000;0.000;9.870;70638.649;50.000;45328.443;43835.436;67.843;Ok;Closed;55.570
20/05/2020 12:55:14;SN: 2100060901;SB 5000TL-20;2100060901;1386.000;1347.000;5.151;5.175;269.150;260.420;2695.000;0.000;0.000;11.378;0.000;0.000;236.980;0.000;0.000;2733.000;2696.000;0.000;10.065;70638.844;50.010;45328.527;43835.519;67.843;Ok;Closed;55.680
20/05/2020 13:00:04;SN: 2100060901;SB 5000TL-20;2100060901;1514.000;1476.000;5.628;5.582;269.170;264.480;2945.000;0.000;0.000;12.417;0.000;0.000;237.130;0.000;0.000;2990.000;2945.000;0.000;10.288;70639.067;50.000;45328.607;43835.599;67.451;Ok;Closed;55.680
20/05/2020 13:05:13;SN: 2100060901;SB 5000TL-20;2100060901;2358.000;2350.000;8.632;9.179;273.210;256.120;4589.000;0.000;0.000;19.174;0.000;0.000;239.310;0.000;0.000;4708.000;4496.000;0.000;10.651;70639.431;49.960;45328.693;43835.686;67.451;Ok;Closed;56.940
20/05/2020 13:10:15;SN: 2100060901;SB 5000TL-20;2100060901;1188.000;1158.000;4.560;4.521;260.700;256.190;2318.000;0.000;0.000;9.818;0.000;0.000;236.120;0.000;0.000;2346.000;2316.000;0.000;10.920;70639.699;49.980;45328.777;43835.769;67.843;Ok;Closed;58.520
20/05/2020 13:15:14;SN: 2100060901;SB 5000TL-20;2100060901;1117.000;1088.000;4.219;4.180;264.890;260.380;2184.000;0.000;0.000;9.241;0.000;0.000;236.320;0.000;0.000;2205.000;2184.000;0.000;11.107;70639.885;49.980;45328.860;43835.852;67.059;Ok;Closed;59.780
20/05/2020 13:20:16;SN: 2100060901;SB 5000TL-20;2100060901;785.000;764.000;3.014;2.888;260.640;264.610;1548.000;0.000;0.000;6.588;0.000;0.000;235.060;0.000;0.000;1549.000;1548.000;0.000;11.266;70640.044;50.000;45328.944;43835.936;67.451;Ok;Closed;58.000
20/05/2020 13:25:14;SN: 2100060901;SB 5000TL-20;2100060901;852.000;828.000;3.172;3.182;269.040;260.330;1677.000;0.000;0.000;7.130;0.000;0.000;235.190;0.000;0.000;1680.000;1677.000;0.000;11.392;70640.170;50.000;45329.027;43836.019;67.451;Ok;Closed;55.890
20/05/2020 13:30:15;SN: 2100060901;SB 5000TL-20;2100060901;1207.000;1171.000;4.430;4.489;272.660;260.960;2364.000;0.000;0.000;9.988;0.000;0.000;236.690;0.000;0.000;2378.000;2364.000;0.000;11.555;70640.334;50.000;45329.110;43836.103;67.843;Ok;Closed;54.940
20/05/2020 13:35:16;SN: 2100060901;SB 5000TL-20;2100060901;1122.000;1090.000;4.172;4.122;269.060;264.540;2193.000;0.000;0.000;9.311;0.000;0.000;235.600;0.000;0.000;2212.000;2192.000;0.000;11.775;70640.553;49.980;45329.194;43836.186;66.667;Ok;Closed;55.150
20/05/2020 13:40:15;SN: 2100060901;SB 5000TL-20;2100060901;1095.000;1067.000;4.047;4.037;270.880;264.570;2144.000;0.000;0.000;9.127;0.000;0.000;234.890;0.000;0.000;2162.000;2144.000;0.000;11.960;70640.738;49.990;45329.277;43836.269;67.843;Ok;Closed;56.630
20/05/2020 13:45:24;SN: 2100060901;SB 5000TL-20;2100060901;941.000;914.000;3.499;3.457;269.080;264.570;1847.000;0.000;0.000;0.000;0.000;0.000;0.000;0.000;0.000;1855.000;1806.000;0.000;12.133;70640.911;49.990;45329.360;43836.352;66.667;Ok;Closed;56.420
20/05/2020 13:50:27;SN: 2100060901;SB 5000TL-20;2100060901;824.000;801.000;3.002;3.015;274.750;266.040;1626.000;0.000;0.000;7.005;0.000;0.000;232.240;0.000;0.000;1625.000;1626.000;0.000;12.277;70641.057;50.000;45329.447;43836.439;67.059;Ok;Closed;55.680
20/05/2020 13:55:13;SN: 2100060901;SB 5000TL-20;2100060901;980.000;954.000;3.590;3.608;273.270;264.570;1926.000;0.000;0.000;8.159;0.000;0.000;236.080;0.000;0.000;1934.000;1926.000;0.000;12.418;70641.195;50.000;45329.526;43836.518;68.235;Ok;Closed;53.890
20/05/2020 14:00:13;SN: 2100060901;SB 5000TL-20;2100060901;836.000;816.000;3.014;3.037;277.610;268.910;1651.000;0.000;0.000;6.999;0.000;0.000;236.020;0.000;0.000;1652.000;1651.000;0.000;12.574;70641.352;49.960;45329.610;43836.602;68.235;Ok;Closed;53.680
20/05/2020 14:05:17;SN: 2100060901;SB 5000TL-20;2100060901;896.000;874.000;3.283;3.254;273.270;268.760;1766.000;0.000;0.000;7.480;0.000;0.000;236.150;0.000;0.000;1770.000;1765.000;0.000;12.717;70641.496;49.940;45329.694;43836.686;66.667;Ok;Closed;53.050
20/05/2020 14:10:20;SN: 2100060901;SB 5000TL-20;2100060901;830.000;810.000;3.040;3.019;273.270;268.760;1636.000;0.000;0.000;6.974;0.000;0.000;234.640;0.000;0.000;1640.000;1636.000;0.000;12.863;70641.642;49.960;45329.778;43836.770;66.667;Ok;Closed;52.840
20/05/2020 14:15:13;SN: 2100060901;SB 5000TL-20;2100060901;718.000;700.000;0.000;0.000;0.000;0.000;1420.000;0.000;0.000;6.050;0.000;0.000;234.670;0.000;0.000;1418.000;1420.000;0.000;12.988;70641.766;49.980;45329.859;43836.852;66.667;Ok;Closed;52.000
20/05/2020 14:20:17;SN: 2100060901;SB 5000TL-20;2100060901;780.000;763.000;2.773;2.799;281.650;272.950;1548.000;0.000;0.000;6.605;0.000;0.000;234.410;0.000;0.000;1543.000;1548.000;0.000;13.108;70641.887;49.960;45329.944;43836.936;66.275;Ok;Closed;50.310
20/05/2020 14:25:15;SN: 2100060901;SB 5000TL-20;2100060901;1124.000;1090.000;4.115;3.935;273.250;277.180;2193.000;0.000;0.000;9.311;0.000;0.000;235.570;0.000;0.000;2214.000;2193.000;0.000;13.262;70642.041;50.000;45330.027;43837.019;65.882;Ok;Closed;49.780
20/05/2020 14:30:13;SN: 2100060901;SB 5000TL-20;2100060901;1349.000;1317.000;4.950;4.992;272.680;263.960;2624.000;0.000;0.000;11.123;0.000;0.000;235.930;0.000;0.000;2666.000;2624.000;0.000;13.517;70642.294;49.990;45330.109;43837.102;66.275;Ok;Closed;50.210
20/05/2020 14:35:16;SN: 2100060901;SB 5000TL-20;2100060901;1185.000;1158.000;4.409;4.378;269.080;264.570;2319.000;0.000;0.000;9.869;0.000;0.000;235.030;0.000;0.000;2343.000;2319.000;0.000;13.777;70642.557;50.000;45330.194;43837.186;67.451;Ok;Closed;53.360
20/05/2020 14:40:26;SN: 2100060901;SB 5000TL-20;2100060901;1153.000;1122.000;4.287;4.312;269.060;260.350;2244.000;0.000;0.000;9.523;0.000;0.000;235.630;0.000;0.000;2275.000;2244.000;0.000;13.974;70642.753;49.980;45330.280;43837.272;67.843;Ok;Closed;56.940
20/05/2020 14:45:13;SN: 2100060901;SB 5000TL-20;2100060901;1053.000;1026.000;3.916;3.945;269.040;260.330;2063.000;0.000;0.000;8.755;0.000;0.000;235.660;0.000;0.000;2079.000;2063.000;0.000;14.165;70642.942;50.010;45330.359;43837.352;67.451;Ok;Closed;56.730
20/05/2020 14:50:16;SN: 2100060901;SB 5000TL-20;2100060901;1042.000;1016.000;3.816;3.905;273.270;260.380;2048.000;0.000;0.000;8.673;0.000;0.000;236.140;0.000;0.000;2058.000;2048.000;0.000;14.340;70643.119;50.000;45330.444;43837.436;66.667;Ok;Closed;56.420
20/05/2020 14:55:15;SN: 2100060901;SB 5000TL-20;2100060901;1057.000;1032.000;3.994;3.843;264.890;268.760;2076.000;0.000;0.000;8.829;0.000;0.000;235.190;0.000;0.000;2089.000;2082.000;0.000;14.540;70643.318;50.010;45330.527;43837.519;66.667;Ok;Closed;56.000
20/05/2020 15:00:14;SN: 2100060901;SB 5000TL-20;2100060901;1190.000;1161.000;4.425;4.459;269.080;260.380;2332.000;0.000;0.000;9.892;0.000;0.000;235.770;0.000;0.000;2351.000;2332.000;0.000;14.726;70643.504;49.970;45330.610;43837.602;66.667;Ok;Closed;56.210
20/05/2020 15:05:17;SN: 2100060901;SB 5000TL-20;2100060901;1897.000;1774.000;7.170;6.933;264.670;255.970;3595.000;0.000;0.000;15.136;0.000;0.000;237.530;0.000;0.000;3671.000;3595.000;0.000;14.957;70643.739;50.010;45330.694;43837.686;66.275;Ok;Closed;56.210
20/05/2020 15:10:36;SN: 2100060901;SB 5000TL-20;2100060901;1171.000;1166.000;4.422;4.482;264.870;260.380;2319.000;0.000;0.000;9.804;0.000;0.000;236.530;0.000;0.000;2337.000;0.000;0.000;15.237;70644.015;49.990;45330.780;43837.772;67.059;Ok;Closed;56.730
20/05/2020 15:15:14;SN: 2100060901;SB 5000TL-20;2100060901;2586.000;2499.000;9.918;9.299;260.770;268.820;4951.000;0.000;0.000;21.178;0.000;0.000;240.960;0.000;0.000;5085.000;5102.000;0.000;15.450;70644.230;49.990;45330.860;43837.852;67.059;Ok;Closed;58.000
20/05/2020 15:20:22;SN: 2100060901;SB 5000TL-20;2100060901;1172.000;1142.000;4.427;4.319;264.870;264.540;2295.000;0.000;0.000;9.693;0.000;0.000;236.850;0.000;0.000;2314.000;2295.000;0.000;15.716;70644.495;49.980;45330.945;43837.938;67.843;Ok;Closed;58.520
20/05/2020 15:25:14;SN: 2100060901;SB 5000TL-20;2100060901;1115.000;1086.000;4.282;4.312;260.660;251.950;2181.000;0.000;0.000;9.262;0.000;0.000;235.530;0.000;0.000;2201.000;2181.000;0.000;15.949;70644.726;49.980;45331.026;43838.019;67.451;Ok;Closed;59.150
20/05/2020 15:30:14;SN: 2100060901;SB 5000TL-20;2100060901;1171.000;1147.000;4.364;4.469;268.500;256.770;2297.000;0.000;0.000;9.685;0.000;0.000;237.180;0.000;0.000;2318.000;2329.000;0.000;16.174;70644.952;50.010;45331.110;43838.102;66.275;Ok;Closed;58.840
20/05/2020 15:35:16;SN: 2100060901;SB 5000TL-20;2100060901;2729.000;2703.000;9.594;9.851;284.520;274.440;5286.000;0.000;0.000;21.809;0.000;0.000;242.340;0.000;0.000;5432.000;5285.000;0.000;16.456;70645.239;49.980;45331.194;43838.186;67.059;Ok;Closed;59.050
20/05/2020 15:40:15;SN: 2100060901;SB 5000TL-20;2100060901;2694.000;2592.000;10.239;9.942;263.160;260.750;5140.000;0.000;0.000;0.000;0.000;0.000;0.000;0.000;0.000;5286.000;5140.000;0.000;16.848;70645.628;49.990;45331.277;43838.269;67.059;Ok;Closed;60.000
20/05/2020 15:45:13;SN: 2100060901;SB 5000TL-20;2100060901;1003.000;986.000;3.978;4.049;252.320;243.620;1998.000;0.000;0.000;8.519;0.000;0.000;234.600;0.000;0.000;1989.000;1998.000;0.000;17.168;70645.945;49.980;45331.359;43838.352;67.451;Ok;Closed;63.680
20/05/2020 15:50:17;SN: 2100060901;SB 5000TL-20;2100060901;942.000;902.000;3.675;3.642;256.510;247.810;1836.000;0.000;0.000;7.855;0.000;0.000;234.740;0.000;0.000;1844.000;1844.000;0.000;17.467;70646.246;50.000;45331.444;43838.436;67.059;Ok;Closed;63.470
20/05/2020 15:55:14;SN: 2100060901;SB 5000TL-20;2100060901;602.000;587.000;2.276;2.292;264.890;256.190;1200.000;0.000;0.000;5.194;0.000;0.000;231.220;0.000;0.000;1189.000;1201.000;0.000;17.579;70646.356;49.980;45331.526;43838.519;67.451;Ok;Closed;62.730
20/05/2020 16:00:15;SN: 2100060901;SB 5000TL-20;2100060901;632.000;615.000;2.393;2.369;264.890;260.380;1261.000;0.000;0.000;5.382;0.000;0.000;234.310;0.000;0.000;1247.000;1261.000;0.000;17.682;70646.459;50.000;45331.610;43838.602;66.667;Ok;Closed;57.570
20/05/2020 16:05:18;SN: 2100060901;SB 5000TL-20;2100060901;631.000;612.000;2.383;2.391;264.890;256.170;1259.000;0.000;0.000;5.408;0.000;0.000;232.800;0.000;0.000;1243.000;1259.000;0.000;17.789;70646.566;50.010;45331.694;43838.686;67.843;Ok;Closed;56.000
20/05/2020 16:11:16;SN: 2100060901;SB 5000TL-20;2100060901;589.000;573.000;2.194;2.171;269.020;264.500;1174.000;0.000;0.000;5.011;0.000;0.000;234.440;0.000;0.000;1162.000;1174.000;0.000;17.907;70646.685;50.000;45331.794;43838.786;67.451;Ok;Closed;53.050
20/05/2020 16:15:20;SN: 2100060901;SB 5000TL-20;2100060901;676.000;658.000;2.477;2.491;273.270;264.570;1343.000;0.000;0.000;5.755;0.000;0.000;233.430;0.000;0.000;1334.000;1343.000;0.000;17.992;70646.769;49.990;45331.861;43838.853;66.275;Ok;Closed;53.050
20/05/2020 16:20:17;SN: 2100060901;SB 5000TL-20;2100060901;728.000;708.000;2.666;2.636;273.250;268.730;1440.000;0.000;0.000;6.143;0.000;0.000;234.480;0.000;0.000;1436.000;1440.000;0.000;18.104;70646.882;49.970;45331.944;43838.936;66.667;Ok;Closed;52.420
20/05/2020 16:25:16;SN: 2100060901;SB 5000TL-20;2100060901;593.000;578.000;2.173;2.187;273.270;264.540;1182.000;0.000;0.000;5.056;0.000;0.000;233.740;0.000;0.000;1171.000;1182.000;0.000;18.230;70647.008;49.980;45332.027;43839.019;66.667;Ok;Closed;52.310
20/05/2020 16:40:16;SN: 2100060901;SB 5000TL-20;2100060901;465.000;453.000;1.681;1.688;277.480;268.780;936.000;0.000;0.000;4.003;0.000;0.000;233.920;0.000;0.000;918.000;939.000;0.000;18.506;70647.284;50.000;45332.277;43839.269;67.059;Ok;Closed;49.260
20/05/2020 16:45:19;SN: 2100060901;SB 5000TL-20;2100060901;546.000;532.000;1.972;1.981;277.440;268.730;1092.000;0.000;0.000;4.661;0.000;0.000;234.510;0.000;0.000;1078.000;1092.000;0.000;18.606;70647.383;50.000;45332.361;43839.353;67.059;Ok;Closed;48.940
20/05/2020 16:50:15;SN: 2100060901;SB 5000TL-20;2100060901;651.000;632.000;2.355;2.363;276.530;267.820;1292.000;0.000;0.000;5.474;0.000;0.000;235.820;0.000;0.000;1283.000;1290.000;0.000;18.708;70647.486;50.000;45332.443;43839.436;66.667;Ok;Closed;48.630
